Metal;Analyte;Metal_Thickness_nm;Theta_res_deg;FWHM_deg;Sensitivity_Empirical_deg_per_RIU;Chi_Empirical;Q_Empirical;Sensitivity_Theoretical_deg_per_RIU;Chi_Theoretical;Q_Theoretical
Ag;analyte_01;45;6.534.072.873.677.290;0.5700000000000074;9.685.371.097.173.050;;;;;
Ag;analyte_01;46;6.532.772.025.786.780;0.5200000000000102;968.263.155.699.951;;;;;
Ag;analyte_01;47;6.531.613.612.924.210;0.46999999999999886;9.680.291.518.846.120;;;;;
Ag;analyte_01;48;653.058.200.199.416;0.4299999999999926;9.678.470.235.724.060;;;;;
Ag;analyte_01;49;652.966.234.337.405;0.3999999999999915;967.699.268.731.511;;;;;
Ag;analyte_01;50;6.528.842.495.510.030;0.37000000000000455;9.676.224.045.484.190;;;;;
Ag;analyte_01;51;6.528.110.431.491.030;0.3400000000000034;9.674.916.518.985.000;;;;;
Ag;analyte_01;52;6.527.457.096.035.340;0.3200000000000074;9.673.511.125.006.190;;;;;
Ag;analyte_01;53;6.526.873.693.951.800;0.29999999999999716;9.674.011.232.096.640;;;;;
Ag;analyte_01;54;6.526.350.840.893.730;0.28000000000000114;9.671.963.155.238.950;;;;;
Ag;analyte_01;55;6.525.884.526.118.740;0.269999999999996;9.673.246.873.648.590;;;;;
Ag;analyte_02;45;6.523.418.965.470.400;0.5600000000000023;9.685.371.097.173.050;17.295.305.530.666.000;11.648.962.438.339.900;9.651.955.073.156.900;17.235.634.059.208.600;11.648.962.438.339.900
Ag;analyte_02;46;6.522.121.131.074.080;0.5099999999999909;968.263.155.699.951;18.985.552.072.548.300;12.788.472.806.027.800;9.651.955.073.156.900;18.925.402.104.229.500;12.788.472.806.027.800
Ag;analyte_02;47;6.520.965.292.253.480;0.46999999999999886;9.680.291.518.846.120;20.596.364.933.715.200;13.874.394.238.837.200;9.651.955.073.156.900;20.536.074.623.738.100;13.874.394.238.837.200
Ag;analyte_02;48;6.519.935.684.734.860;0.4300000000000068;9.678.470.235.724.060;2.250.807.031.563.700;15.162.641.127.290.100;9.651.955.073.156.900;22.446.407.146.876.100;15.162.641.127.290.100
Ag;analyte_02;49;6.519.017.651.418.000;0.4000000000000057;967.699.268.731.511;24.192.481.718.287.400;16.297.544.128.544.700;9.651.955.073.156.900;24.129.887.682.891.900;16.297.544.128.544.700
Ag;analyte_02;50;651.819.864.906;0.37000000000000455;9.676.224.045.484.190;261.519.568.796.867;1.761.675.310.556.730;9.651.955.073.156.900;26.086.365.062.585.900;1.761.675.310.556.730
Ag;analyte_02;51;6.517.468.023.320.140;0.3400000000000034;9.674.916.518.985.000;28.455.636.820.543.800;19.169.023.598.000.200;9.651.955.073.156.900;2.838.810.315.634.350;19.169.023.598.000.200
Ag;analyte_02;52;6.516.816.233.797.840;0.3100000000000023;9.673.511.125.006.190;3.120.487.459.679.390;21.021.987.850.960.600;9.651.955.073.156.900;31.135.338.945.667.200;21.021.987.850.960.600
Ag;analyte_02;53;6.516.232.281.596.500;0.29000000000000625;9.674.011.232.096.640;3.335.865.942.102.210;22.469.766.488.263.300;9.651.955.073.156.900;3.328.260.370.054.030;22.469.766.488.263.300
Ag;analyte_02;54;6.515.711.681.422.970;0.28000000000000114;9.671.963.155.238.950;34.542.725.554.424.700;23.270.398.862.224.800;9.651.955.073.156.900;34.471.268.118.417.300;23.270.398.862.224.800
Ag;analyte_02;55;651.524.395.455.773;0.2600000000000051;9.673.246.873.648.590;3.720.479.566.787.840;25.058.630.594.452.300;9.651.955.073.156.900;3.712.290.412.752.580;25.058.630.594.452.300
Au;analyte_01;45;66.298.423.535.334;16.299.999.999.999.900;10.177.934.477.207.200;;;;;
Au;analyte_01;46;6.628.201.491.925.890;15.300.000.000.000.000;101.805.672.712.563;;;;;
Au;analyte_01;47;6.626.729.786.840.350;14.399.999.999.999.900;10.182.975.710.298.300;;;;;
Au;analyte_01;48;6.625.409.468.692.240;13.599.999.999.999.900;10.185.546.277.316.700;;;;;
Au;analyte_01;49;6.624.224.202.831.230;12.999.999.999.999.900;1.018.798.915.097.670;;;;;
Au;analyte_01;50;6.623.159.376.157.780;1.230.000.000.000.000;10.190.196.454.421.800;;;;;
Au;analyte_01;51;6.622.202.689.323.940;11.800.000.000.000.000;10.192.533.939.028.000;;;;;
Au;analyte_01;52;6.621.342.697.976.670;11.300.000.000.000.000;101.949.653.171.543;;;;;
Au;analyte_01;53;6.620.569.198.952.950;10.799.999.999.999.900;10.197.198.179.483.100;;;;;
Au;analyte_01;54;6.619.873.207.357.170;10.400.000.000.000.000;1.019.927.917.611.000;;;;;
Au;analyte_01;55;6.619.246.702.739;1.0;10.201.325.218.731.600;;;;;
Au;analyte_02;45;6.618.646.625.608.470;16.099.999.999.999.900;10.177.934.477.207.200;6.321.698.433.047.990;4.110.960.637.023.890;10.197.347.181.950.500;6.333.756.013.633.860;4.110.960.637.023.890
Au;analyte_02;46;6.617.002.867.927.510;1.519.999.999.999.990;101.805.672.712.563;6.697.741.625.826.530;4.353.291.360.478.630;10.197.347.181.950.500;670.878.104.075.694;4.353.291.360.478.630
Au;analyte_02;47;6.615.528.513.559.020;14.399.999.999.999.900;10.182.975.710.298.300;7.071.510.909.929.420;4.594.117.023.304.880;10.197.347.181.950.500;7.081.491.098.576.760;4.594.117.023.304.880
Au;analyte_02;48;66.142.053.677.872;13.599.999.999.999.900;10.185.546.277.316.700;7.489.372.262.732.910;4.863.386.299.843.530;10.197.347.181.950.500;7.498.049.398.493.030;4.863.386.299.843.530
Au;analyte_02;49;6.613.017.414.765.150;12.900.000.000.000.000;1.018.798.915.097.670;7.897.666.008.509.040;5.126.370.088.965.210;10.197.347.181.950.500;7.904.920.296.085.630;5.126.370.088.965.210
Au;analyte_02;50;6.611.950.160.057.920;1.230.000.000.000.000;10.190.196.454.421.800;8.284.712.564.570.600;5.375.569.235.819.430;10.197.347.181.950.500;829.052.616.418.739;5.375.569.235.819.430
Au;analyte_02;51;6.610.990.901.991.010;11.699.999.999.999.800;10.192.533.939.028.000;8.711.567.469.254.850;5.650.419.574.351.350;10.197.347.181.950.500;8.715.681.352.094.550;5.650.419.574.351.350
Au;analyte_02;52;661.012.823.612.781;11.199.999.999.999.900;101.949.653.171.543;9.102.647.604.602.130;59.019.002.108.284.500;10.197.347.181.950.500;9.104.774.269.598.760;59.019.002.108.284.500
Au;analyte_02;53;6.609.352.280.955.520;10.700.000.000.000.000;10.197.198.179.483.100;9.530.091.756.526.200;6.176.964.748.556.520;10.197.347.181.950.500;9.530.231.011.168.640;6.176.964.748.556.520
Au;analyte_02;54;6.608.654.000.263.450;10.400.000.000.000.000;1.019.927.917.611.000;9.806.999.207.798.020;6.354.475.000.253.280;10.197.347.181.950.500;9.805.141.521.106.210;6.354.475.000.253.280
Au;analyte_02;55;6.608.025.244.998.390;0.9899999999999949;10.201.325.218.731.600;10.304.368.907.809.700;6.674.772.974.745.880;10.197.347.181.950.500;10.300.350.688.838.900;6.674.772.974.745.880
Cu;analyte_01;45;661.471.836.982.808;19.899.999.999.999.900;10.096.647.246.516.800;;;;;
Cu;analyte_01;46;6.613.315.754.240.710;18.900.000.000.000.000;10.099.200.318.261.300;;;;;
Cu;analyte_01;47;6.612.060.245.439.240;18.200.000.000.000.000;10.101.721.810.755.500;;;;;
Cu;analyte_01;48;6.610.936.385.242.850;17.399.999.999.999.900;10.104.281.645.980.600;;;;;
Cu;analyte_01;49;6.609.930.629.787.190;1.670.000.000.000.010;10.106.980.438.637.900;;;;;
Cu;analyte_01;50;6.609.030.143.765.190;16.200.000.000.000.000;101.091.152.957.646;;;;;
Cu;analyte_01;51;6.608.224.605.639.390;15.600.000.000.000.000;10.111.343.258.571.800;;;;;
Cu;analyte_01;52;6.607.504.338.981.290;1.519.999.999.999.990;10.113.630.768.154.600;;;;;
Cu;analyte_01;53;6.606.860.557.683.950;14.699.999.999.999.900;10.115.806.912.246.600;;;;;
Cu;analyte_01;54;6.606.285.363.166.020;14.399.999.999.999.900;10.117.742.433.559.200;;;;;
Cu;analyte_01;55;6.605.772.619.720.010;14.100.000.000.000.100;10.119.997.622.654.800;;;;;
Cu;analyte_02;45;6.603.612.057.856.910;19.799.999.999.999.800;10.096.647.246.516.800;5.099.316.791.170.150;3.335.157.604.978.250;10.099.580.192.604.400;510.079.807.707.298;3.335.157.604.978.250
Cu;analyte_02;46;6.602.206.633.890.630;18.900.000.000.000.000;10.099.200.318.261.300;53.434.922.318.843.000;3.493.231.023.222.550;10.099.580.192.604.400;53.436.932.236.002.300;3.493.231.023.222.550
Cu;analyte_02;47;6.600.948.351.447.410;17.999.999.999.999.900;10.101.721.810.755.500;56.120.676.726.419.900;3.667.193.528.581.900;10.099.580.192.604.400;56.108.778.847.802.500;3.667.193.528.581.900
Cu;analyte_02;48;6.599.821.675.432.280;1.730.000.000.000.000;10.104.281.645.980.600;5.840.625.228.890.530;38.149.258.239.492.800;10.099.580.192.604.400;5.837.907.625.782.900;38.149.258.239.492.800
Cu;analyte_02;49;6.598.812.951.304.690;16.599.999.999.999.900;10.106.980.438.637.900;6.088.542.432.914.440;39.751.885.248.823.500;10.099.580.192.604.400;6.084.084.453.376.180;39.751.885.248.823.500
Cu;analyte_02;50;6.597.910.116.939.850;16.099.999.999.999.800;101.091.152.957.646;6.278.953.599.853.840;4.098.080.817.975.100;10.099.580.192.604.400;627.303.117.553.077;4.098.080.817.975.100
Cu;analyte_02;51;6.597.102.128.054.960;15.500.000.000.000.100;10.111.343.258.571.800;6.523.447.263.594.670;42.561.949.213.257.500;10.099.580.192.604.400;6.515.858.188.777.010;42.561.949.213.257.500
Cu;analyte_02;52;659.637.934.513.633;1.5;10.113.630.768.154.600;674.242.051.210.308;43.975.862.300.908.800;10.099.580.192.604.400;6.733.053.461.736.290;43.975.862.300.908.800
Cu;analyte_02;53;6.595.733.170.080.480;14.599.999.999.999.900;10.115.806.912.246.600;6.928.634.871.401.870;4.517.625.458.959.250;10.099.580.192.604.400;691.752.067.986.609;4.517.625.458.959.250
Cu;analyte_02;54;659.515.584.648.911;14.299.999.999.999.900;10.117.742.433.559.200;7.075.344.359.132.350;4.611.997.095.446.950;10.099.580.192.604.400;7.062.643.491.331.810;4.611.997.095.446.950
Cu;analyte_02;55;6.594.640.622.335.090;13.999.999.999.999.900;10.119.997.622.654.800;7.228.569.730.467.810;4.710.457.587.382.230;10.099.580.192.604.400;7.213.985.851.860.360;4.710.457.587.382.230
